Store Id,Facebook Store Id,Storefront name,Custom Facebook name,Location descriptor,Short description,Long description,Street Address,City,State,Postal Code,Country,Latitude,Longitude,Phone,Email,Webpage,Monday hours,Tuesday hours,Wednesday hours,Thursday hours,Friday hours,Saturday hours,Sunday hours,Always open,Temporarily closed until,Permanently closed,Opening date,WiFi SSID,Service area,Facebook link,Bing Maps,Google Maps,Google Review Link,Custom Data mon,Custom Data tis
8,,Acme,,sdf,We have it all! We sell it all,,"1758 military rd, space 122",Niagara Falls,NY,14304,United States,43.097094,-78.979401,1-707-222-3340,customerservice2@cosstores.com,http://acme.com/,0900-1100,,,,,,,0,,0,,,,https://www.facebook.com/Acme-1455255258137515/,,,,,
7,,Acme,,cvcbcv,We have it all! We sell it all,,135 5th avenue,New York,,10010,Afghanistan,40.739686,-73.990636,1-707-222-3339,customerservice2@cosstores.com,http://acme.com/,0900-1100,,,,,,,0,,0,,,,https://www.facebook.com/Acme-854578054620128/,,,,,
1,,Acme,,Sdfsdfdfdsdf,We have it all! We sell it all,,"ocean and mission street - carmel plaza, space 205a",Carmel,,93922,Afghanistan,36.55438,-121.920551,+45 26 70 70 06,customerservice2@cosstores.com,http://acme.com/,0900-1100,,,,,,,0,,0,,,,https://www.facebook.com/Acme-127464294267308/,,,,,
9,,Acme,,Fdgdfg,We have it all! We sell it all,,4200 conroy road,Orlando,FA,32839,United States,28.485312,-81.430931,1-707-222-3341,customerservice2@cosstores.com,http://acme.com/,0900-1100,,,,,,,0,,0,,,,https://www.facebook.com/Acme-399496490250593/,,,,,
4,,Acme,,sdf,We have it all! We sell it all,,355 santana row - space #1005,San Jose,Alabama,95128,United States,37.321108,-121.948168,1-707-222-3336,customerservice2@cosstores.com,http://acme.com/,0900-1100,,,,,,,0,,0,,,,https://www.facebook.com/Acme-531819736965825/,,,,,
5,,Acme,Acme,,We have it all! We sell it all,,7931 girard avenue,La Jolla,California,92037,United States,32.84534173,-117.2714138,1-707-222-3337,customerservice2@cosstores.com,http://acme.com/,0900-1100,,,,,,,0,,0,,,,https://www.facebook.com/Acme-503015159858540/,,,,,
2,,Acme,,sdf,We have it all! We sell it all,,865 market street - space 108,San Francisco,Alabama,94103,United States,37.784006,-122.406835,1-707-222-3334,customerservice2@cosstores.com,http://acme.com/,0900-1100,,,,,,,0,,0,,,"Madrid, Spain",https://www.facebook.com/Acme-1035846159793752/,,,,,
2,,Acme,,sdf,We have it all! We sell it all,,865 market street - space 108,San Francisco,Alabama,94103,United States,37.784006,-122.406835,1-707-222-3334,customerservice2@cosstores.com,http://acme.com/,0900-1100,,,,,,,0,,0,,,"Melbourne VIC, Australia",https://www.facebook.com/Acme-1035846159793752/,,,,,
2,,Acme,,sdf,We have it all! We sell it all,,865 market street - space 108,San Francisco,Alabama,94103,United States,37.784006,-122.406835,1-707-222-3334,customerservice2@cosstores.com,http://acme.com/,0900-1100,,,,,,,0,,0,,,"Miami, FL, USA",https://www.facebook.com/Acme-1035846159793752/,,,,,
2,,Acme,,sdf,We have it all! We sell it all,,865 market street - space 108,San Francisco,Alabama,94103,United States,37.784006,-122.406835,1-707-222-3334,customerservice2@cosstores.com,http://acme.com/,0900-1100,,,,,,,0,,0,,,"Mumbai, Maharashtra, India",https://www.facebook.com/Acme-1035846159793752/,,,,,
2,,Acme,,sdf,We have it all! We sell it all,,865 market street - space 108,San Francisco,Alabama,94103,United States,37.784006,-122.406835,1-707-222-3334,customerservice2@cosstores.com,http://acme.com/,0900-1100,,,,,,,0,,0,,,"Manhattan, New York, NY, USA",https://www.facebook.com/Acme-1035846159793752/,,,,,
2,,Acme,,sdf,We have it all! We sell it all,,865 market street - space 108,San Francisco,Alabama,94103,United States,37.784006,-122.406835,1-707-222-3334,customerservice2@cosstores.com,http://acme.com/,0900-1100,,,,,,,0,,0,,,Ukraine,https://www.facebook.com/Acme-1035846159793752/,,,,,
2,,Acme,,sdf,We have it all! We sell it all,,865 market street - space 108,San Francisco,Alabama,94103,United States,37.784006,-122.406835,1-707-222-3334,customerservice2@cosstores.com,http://acme.com/,0900-1100,,,,,,,0,,0,,,"Udaipur, Rajasthan, India",https://www.facebook.com/Acme-1035846159793752/,,,,,
2,,Acme,,sdf,We have it all! We sell it all,,865 market street - space 108,San Francisco,Alabama,94103,United States,37.784006,-122.406835,1-707-222-3334,customerservice2@cosstores.com,http://acme.com/,0900-1100,,,,,,,0,,0,,,"Ujjain, Madhya Pradesh, India",https://www.facebook.com/Acme-1035846159793752/,,,,,
2,,Acme,,sdf,We have it all! We sell it all,,865 market street - space 108,San Francisco,Alabama,94103,United States,37.784006,-122.406835,1-707-222-3334,customerservice2@cosstores.com,http://acme.com/,0900-1100,,,,,,,0,,0,,,"Utrecht, Netherlands",https://www.facebook.com/Acme-1035846159793752/,,,,,
2,,Acme,,sdf,We have it all! We sell it all,,865 market street - space 108,San Francisco,Alabama,94103,United States,37.784006,-122.406835,1-707-222-3334,customerservice2@cosstores.com,http://acme.com/,0900-1100,,,,,,,0,,0,,,"Ukraine, Kyiv Oblast, Ukraine",https://www.facebook.com/Acme-1035846159793752/,,,,,
2,,Acme,,sdf,We have it all! We sell it all,,865 market street - space 108,San Francisco,Alabama,94103,United States,37.784006,-122.406835,1-707-222-3334,customerservice2@cosstores.com,http://acme.com/,0900-1100,,,,,,,0,,0,,,"Orlando, FL, USA",https://www.facebook.com/Acme-1035846159793752/,,,,,
2,,Acme,,sdf,We have it all! We sell it all,,865 market street - space 108,San Francisco,Alabama,94103,United States,37.784006,-122.406835,1-707-222-3334,customerservice2@cosstores.com,http://acme.com/,0900-1100,,,,,,,0,,0,,,"Ottawa, ON, Canada",https://www.facebook.com/Acme-1035846159793752/,,,,,
2,,Acme,,sdf,We have it all! We sell it all,,865 market street - space 108,San Francisco,Alabama,94103,United States,37.784006,-122.406835,1-707-222-3334,customerservice2@cosstores.com,http://acme.com/,0900-1100,,,,,,,0,,0,,,"Ódessa, Odessa Oblast, Ukraine",https://www.facebook.com/Acme-1035846159793752/,,,,,
2,,Acme,,sdf,We have it all! We sell it all,,865 market street - space 108,San Francisco,Alabama,94103,United States,37.784006,-122.406835,1-707-222-3334,customerservice2@cosstores.com,http://acme.com/,0900-1100,,,,,,,0,,0,,,"Oslo, Norway",https://www.facebook.com/Acme-1035846159793752/,,,,,
2,,Acme,,sdf,We have it all! We sell it all,,865 market street - space 108,San Francisco,Alabama,94103,United States,37.784006,-122.406835,1-707-222-3334,customerservice2@cosstores.com,http://acme.com/,0900-1100,,,,,,,0,,0,,,"Oklahoma City, OK, USA",https://www.facebook.com/Acme-1035846159793752/,,,,,
2,,Acme,,sdf,We have it all! We sell it all,,865 market street - space 108,San Francisco,Alabama,94103,United States,37.784006,-122.406835,1-707-222-3334,customerservice2@cosstores.com,http://acme.com/,0900-1100,,,,,,,0,,0,,,"Paris, France",https://www.facebook.com/Acme-1035846159793752/,,,,,
2,,Acme,,sdf,We have it all! We sell it all,,865 market street - space 108,San Francisco,Alabama,94103,United States,37.784006,-122.406835,1-707-222-3334,customerservice2@cosstores.com,http://acme.com/,0900-1100,,,,,,,0,,0,,,"Pune, Maharashtra, India",https://www.facebook.com/Acme-1035846159793752/,,,,,
2,,Acme,,sdf,We have it all! We sell it all,,865 market street - space 108,San Francisco,Alabama,94103,United States,37.784006,-122.406835,1-707-222-3334,customerservice2@cosstores.com,http://acme.com/,0900-1100,,,,,,,0,,0,,,"Phoenix, AZ, USA",https://www.facebook.com/Acme-1035846159793752/,,,,,
2,,Acme,,sdf,We have it all! We sell it all,,865 market street - space 108,San Francisco,Alabama,94103,United States,37.784006,-122.406835,1-707-222-3334,customerservice2@cosstores.com,http://acme.com/,0900-1100,,,,,,,0,,0,,,"Portland, OR, USA",https://www.facebook.com/Acme-1035846159793752/,,,,,
2,,Acme,,sdf,We have it all! We sell it all,,865 market street - space 108,San Francisco,Alabama,94103,United States,37.784006,-122.406835,1-707-222-3334,customerservice2@cosstores.com,http://acme.com/,0900-1100,,,,,,,0,,0,,,"York, UK",https://www.facebook.com/Acme-1035846159793752/,,,,,
21,,Acme,,Fashion Walk,We have it all! We sell it all,,"2-4 Kingston Street, Causeway Bay",Hong Kong,chingchong,3234234,Hong Kong,22.28155899,114.1854901,00852-28872397,customerservice2@cosstores.com,http://www.cosstores.com,0900-1100,,,,,,,0,,0,,,,https://www.facebook.com/Acme-1833570100247703/,,,,,
27,,Acme,,Hegdehausveien,We have it all! We sell it all,,Hegdehaugsveien 29,Oslo,,0352,Norway,59.92157532,10.72717845,0047-22591670,customerservice2@cosstores.com,http://www.cosstores.com,0900-1100,,,,,,,0,,0,,,,https://www.facebook.com/Acme-222145844823785/,,,,,
29,,Acme,,Mall of Scandinavia,We have it all! We sell it all,,Råsta Strandväg 19A,Stockholm,,16979,Sweden,59.3736823,17.9957301,0046-850552680,customerservice2@cosstores.com,http://www.cosstores.com,0900-1100,,,,,,,0,,0,,,,https://www.facebook.com/Acme-1750541555179079/,,,,,
32,,Acme,,City Centre Mirdif,We have it all! We sell it all,,E311 Tripoli Street,Dubai,,,United Arab Emirates,25.2161138,55.40763617,00971-44190684,customerservice2@cosstores.com,http://www.cosstores.com,0900-1100,,,,,,,0,,0,,,,https://www.facebook.com/Acme-1173965162650585/,,,,,
65,,Acme,,Korte Gasthuisstraat,We have it all! We sell it all,,Korte Gasthuisstraat 16-18,Antwerp,Area 1,2000,Belgium,51.2170094,4.404156357,0032-34752115,customerservice2@cosstores.com,http://www.cosstores.com,0900-1100,,,,,,,0,,0,,,,https://www.facebook.com/Acme-1022374314513243/,,,,,
66,,Acme,,Bloor Street,We have it all! We sell it all,,85 Bloor Street West,Toronto,Ontario,M5S 1M1,Canada,43.66937912,-79.39039886,001-4169257033,customerservice2@cosstores.com,http://www.cosstores.com,0900-1100,0900-1700,,,,,,0,,1,,,,https://www.facebook.com/Acme-542386452599696/,,,,,
84,,Acme,,Wicklow Street,We have it all! We sell it all,,6-8 Wicklow street,Dublin,,,Ireland,53.34286715,-6.260462254,00353-12470980,customerservice2@cosstores.com,http://www.cosstores.com,0900-1100,,,,,,,0,,0,,,,https://www.facebook.com/Acme-1816768938602203/,,,,,
101,,Acme,,Weinstrasse,We have it all! We sell it all,,Weinstrasse 3,Munich,Baveria,80333,Germany,48.1376863,11.5750295,0049-89 21021774,customerservice2@cosstores.com,http://www.cosstores.com,0900-1100,,,,,,,0,,0,,,,https://www.facebook.com/Acme-285820491749976/,,,,,
109,,Acme,,Polygone Riviera,We have it all! We sell it all,,119 Avenue des Alpes,Cagnes-sur-Mer,,06800,France,43.6663606,7.1228292,0033-456412404,customerservice2@cosstores.com,http://www.cosstores.com,0900-1100,,,,,,,0,,0,,,,https://www.facebook.com/Acme-456780721185550/,,,,,
118,,Acme,,Venestraat,We have it all! We sell it all,,Venestraat 17-19,The Hague,,2511AR,Netherlands,52.07754849,4.309616536,0031-70-3635 773,customerservice2@cosstores.com,http://www.cosstores.com,0900-1100,,,,,,,0,,0,,,,https://www.facebook.com/Acme-264418717225600/,,,,,
123,,Acme,,Newbury Street,We have it all! We sell it all,,138 Newbury Street,Boston,Massachusetts,2116,United States,42.35088203,-71.07722327,001-6176030118,customerservice2@cosstores.com,http://www.cosstores.com,0900-1100,,,,,,,0,,0,,,,https://www.facebook.com/Acme-1733825896886642/,,,,,
144,,Acme,,Gateway Arcade,We have it all! We sell it all,,"Harbour City, 3-27 Canton Road, Tsim Sha Tsui",Hong Kong,,,Hong Kong,22.29949973,114.1679478,00852-21179433,customerservice2@cosstores.com,http://www.cosstores.com,0900-1100,,,,,,,0,,0,,,,https://www.facebook.com/Acme-349336285443876/,,,,,
132,,Acme,,Neue Schönhauser Strasse,We have it all! We sell it all,,Neue Schönhauser Strasse 20,Berlin,Berlin,10178,Germany,52.52480878,13.40621442,0049-30 27572042,customerservice2@cosstores.com,http://www.cosstores.com,0900-1100,,,,,,,0,,0,,,,https://www.facebook.com/Acme-150854921979097/,,,,,
25,,Acme,,Marina Mall,We have it all! We sell it all,,Hälsingborgsvägen,Landskrona,-,26141,Sweden,56.02006993,12.86842346,0096-522081203,customerservice2@cosstores.com,http://www.cosstores.com,0900-1100,,,,,,,0,,0,,,,https://www.facebook.com/Acme-1028601130567144/,,,,,
30,,Acme,,İstinye Park,We have it all! We sell it all,,İstinye Bayırı Caddesi 73,Istanbul,,34460,Turkey,41.109682,29.0325442,0090-2123456419,customerservice2@cosstores.com,http://www.cosstores.com,0900-1100,,,,,,,0,,0,,,,https://www.facebook.com/Acme-670412839766164/,,,,,
33,,Acme,,The Strand,We have it all! We sell it all,,Elizabeth Street 250,Melbourne,Victoria,3000,Australia,-37.8129384,144.9628828,0061-396390981,customerservice2@cosstores.com,http://www.cosstores.com,0900-1100,,,,,,,0,,0,,,,https://www.facebook.com/Acme-1080884708622128/,,,,,
31,,Acme,,505 Fifth Avenue,We have it all! We sell it all,,505 Fifth Avenue,New York,New York,10017,United States,40.75335443,-73.98105165,001-2122719999,customerservice2@cosstores.com,http://www.cosstores.com,0900-1100,0900-1700,,,,,,0,,0,,,,,,,,,
39,,Acme,,Stuttgart Königstrasse,We have it all! We sell it all,,Königstrasse 46,Stuttgart,Baden-Württemberg,70173,Germany,48.7761955,9.1760616,0049-7111204357,customerservice2@cosstores.com,http://www.cosstores.com,0900-1100,,,,,,,0,,0,,,,https://www.facebook.com/Acme-235479773506900/,,,,,
49,,Acme,,Knightsbridge,We have it all! We sell it all,,48 Brompton Road,London,,SW3 1BW,United Kingdom,51.50075538,-0.162407756,0044-203 1591880,customerservice2@cosstores.com,http://www.cosstores.com,0900-1100,,,,,,,0,,0,,,,https://www.facebook.com/Acme-1174510389240459/,,,,,
62,,Acme,,Beverly Center,We have it all! We sell it all,,8500 Beverly Boulevard,Los Angeles,California,90048,United States,34.07609671,-118.3789408,001 3105952826,customerservice2@cosstores.com,http://www.cosstores.com,0900-1100,0900-1100,0900-1100,0900-1100,0900-1100,0900-1100,0900-1100,0,,1,,,,https://www.facebook.com/Acme-1063365460373534/,,,,,
97,,Acme,,Rue de la Tour-Maîtresse,We have it all! We sell it all,,Rue de la Tour-Maîtresse 7,Geneva,,1204,Switzerland,46.20237349,6.151549816,0041-585150860,customerservice2@cosstores.com,http://www.cosstores.com,0900-1100,,,,,,,0,,0,,,,https://www.facebook.com/Acme-260343120980617/,,,,,
98,,Acme,,Intime City,We have it all! We sell it all,,"380 Fengtan Road, Gongshu District",Hangzhou,,310011,China,30.2986662,120.1045612,0086-57187616233,customerservice2@cosstores.com,http://www.cosstores.com,0900-1100,,,,,,,0,,0,,,,https://www.facebook.com/Acme-623453657809345/,,,,,
115,,Acme,,Corso Venezia,We have it all! We sell it all,,Corso Venezia 15,Milan,,20121,Italy,46.39027999,25.50218582,0039-0276280649,customerservice2@cosstores.com,http://www.cosstores.com,0900-1100,,,,,,,0,,0,,,,https://www.facebook.com/Acme-1755721514660752/,,,,,
121,,Acme,,Biblioteksgatan,We have it all! We sell it all,,Biblioteksgatan 3,Stockholm,,111 46,Sweden,59.33418672,18.07278335,0046- 8 545 010 50,customerservice2@cosstores.com,http://www.cosstores.com,0900-1100,0900-1100,,,,,,0,,0,,,,https://www.facebook.com/Acme-1581919202122006/,,,,,
125,,Acme,,Neubaugasse,We have it all! We sell it all,,Neubaugasse 16,Vienna,,1072,Austria,48.1994873,16.3496646,0043-1522202067110,customerservice2@cosstores.com,http://www.cosstores.com,0900-1100,,,,,,,0,,0,,,,https://www.facebook.com/Acme-1695952534002240/,,,,,
70,,Acme,,Neuer Wall,We have it all! We sell it all,,Neuer Wall 19,Hamburg,,20354,Germany,53.55198604,9.991515577,0049-4028809909,customerservice2@cosstores.com,http://www.cosstores.com,0900-1100,,,,,,,0,,0,,,,https://www.facebook.com/Acme-1109240302451102/,,,,,
81,,Acme,,Covent Garden,We have it all! We sell it all,,130-131 Long Acre,London,,WC2E 9AA,United Kingdom,51.51237825,-0.12581706,0044-2034267530,customerservice2@cosstores.com,http://www.cosstores.com,0900-1100,,,,,,,0,,0,,,,https://www.facebook.com/Acme-605873266245035/,,,,,
16,,Acme,,Galeries Lafayette Menswear,We have it all! We sell it all,,40 Boulevard Haussmann,Paris,,75009,France,48.87387501,2.331778407,0033-142823456,customerservice2@cosstores.com,http://www.cosstores.com,,0800-2000,0700-1400,1000-2300,,,,0,,0,,,,https://www.facebook.com/Acme-1493981100617707/,,,,,
18,,Acme,,Kingston,We have it all! We sell it all,,The Bentall Centre,Kingston,,KT11TP,Afghanistan,51.41169424,-0.305085182,0044-2036183950,customerservice2@cosstores.com,http://www.cosstores.com,0900-1100,,,,,,,0,,0,,,,https://www.facebook.com/Acme-271691633165699/,,,,,
20,,Acme,,Princes Square,We have it all! We sell it all,,"Princes Square, 48 Buchanan Street",Glasgow,,G1 3JX,United Kingdom,55.85916497,-4.25377965,0044-141 202 7480,customerservice2@cosstores.com,http://www.cosstores.com,0900-1100,,,,,,,0,,0,,,,https://www.facebook.com/Acme-1366192610073945/,,,,,
35,,Acme,,Rue Sainte-Catherine Ouest,We have it all! We sell it all,,1310 Rue Sainte-Catherine Ouest,Montreal,Quebec,H3G 1P6,Canada,45.4976316,-73.57510686,001-5148783838,customerservice2@cosstores.com,http://www.cosstores.com,0900-1100,,,,,,,0,,0,,,,https://www.facebook.com/Acme-1747881845455236/,,,,,
53,,Acme,,Limerick Brown Thomas,We have it all! We sell it all,,14-16 O'Connell Street,Limerick,,,Ireland,52.66350503,-8.626901507,00353-61417222,customerservice2@cosstores.com,http://www.cosstores.com,0900-1100,,,,,,,0,,0,,,,https://www.facebook.com/Acme-419499075107532/,,,,,
63,,Acme,,Yas Mall,We have it all! We sell it all,,Yas Island,Abu Dhabi,,,United Arab Emirates,24.48896462,54.60690022,00971-24926590,customerservice2@cosstores.com,http://www.cosstores.com,0900-1100,,,,,,,0,,0,,,,https://www.facebook.com/Acme-362592424094090/,,,,,
80,,Acme,,Canary Wharf,En riktig hälsokostbutik med hjärtat på rätt ställe! Hälsokraft är en kedja bestående av ett 60-tal butiker från Kiruna i norr till Ystad i söder.,,Jubilee Place,London,,E14 5NY,United Kingdom,51.50297601,-0.019032955,0044-2034267590,customerservice2@cosstores.com,http://www.cosstores.com,0900-1100,,,,,,,0,,0,,,,https://www.facebook.com/Acme-249180548761231/,,,,,
82,,Acme,,Selfridges Manchester,We have it all! We sell it all,,1 Exchange Square,Manchester,,M3 1BD,United Kingdom,53.4837045,-2.243528366,0044-161 838 0724,customerservice2@cosstores.com,http://www.cosstores.com,0900-1100,,,,,,,0,,0,,,,https://www.facebook.com/Acme-563392920500314/,,,,,
135,,Acme,,Passeig de Gràcia,We have it all! We sell it all,,Passeig de Gràcia 27,Barcelona,,08007,Spain,41.39091185,2.166152,0034-936246655,customerservice2@cosstores.com,http://www.cosstores.com,0900-1100,,,,,,,0,,0,,,,https://www.facebook.com/Acme-1712676672347194/,,,,,
26,,Acme,,"Leidsestraat 20-22, Amsterdam, Netherlands",We have it all! We sell it all,,Leidsestraat 20-22,Amsterdam,,1017PA,Netherlands,52.36648096,4.887295961,0031-20 63 89 843,customerservice2@cosstores.com,http://www.cosstores.com,0900-1100,,,,,,,0,,0,,,,https://www.facebook.com/Acme-1736440146637613/,,,,,
34,,Acme,,Kortedagsteeg,We have it all! We sell it all,,Kortedagsteeg 2F,Ghent,Area 1,9000,Belgium,51.05050496,3.726374209,0032-92241207,customerservice2@cosstores.com,http://www.cosstores.com,0900-1100,,,,,,,0,,0,,,,https://www.facebook.com/Acme-1706407776287087/,,,,,
38,,Acme,,MixC,We have it all! We sell it all,,"288 Qingnian Street, Heping District",Shenyang,,110000,China,41.775603,123.435192,0086-2431379366,customerservice2@cosstores.com,http://www.cosstores.com,0900-1100,,,,,,,0,,0,,,,https://www.facebook.com/Acme-220489711658190/,,,,,
47,,Acme,,Rue Tronchet,We have it all! We sell it all,,9 rue Tronchet,Paris,,75008,France,48.8714916,2.325335741,0033-180489305,customerservice2@cosstores.com,http://www.cosstores.com,0900-1100,,,,,,,0,,0,,,"Frankfurt, Germany",https://www.facebook.com/Acme-1593842447572887/,,,,,
47,,Acme,,Rue Tronchet,We have it all! We sell it all,,9 rue Tronchet,Paris,,75008,France,48.8714916,2.325335741,0033-180489305,customerservice2@cosstores.com,http://www.cosstores.com,0900-1100,,,,,,,0,,0,,,"Franklin, TN, USA",https://www.facebook.com/Acme-1593842447572887/,,,,,
47,,Acme,,Rue Tronchet,We have it all! We sell it all,,9 rue Tronchet,Paris,,75008,France,48.8714916,2.325335741,0033-180489305,customerservice2@cosstores.com,http://www.cosstores.com,0900-1100,,,,,,,0,,0,,,"Guadalajara, Jalisco, Mexico",https://www.facebook.com/Acme-1593842447572887/,,,,,
47,,Acme,,Rue Tronchet,We have it all! We sell it all,,9 rue Tronchet,Paris,,75008,France,48.8714916,2.325335741,0033-180489305,customerservice2@cosstores.com,http://www.cosstores.com,0900-1100,,,,,,,0,,0,,,Russia,https://www.facebook.com/Acme-1593842447572887/,,,,,
47,,Acme,,Rue Tronchet,We have it all! We sell it all,,9 rue Tronchet,Paris,,75008,France,48.8714916,2.325335741,0033-180489305,customerservice2@cosstores.com,http://www.cosstores.com,0900-1100,,,,,,,0,,0,,,"Edinburgh, UK",https://www.facebook.com/Acme-1593842447572887/,,,,,
47,,Acme,,Rue Tronchet,We have it all! We sell it all,,9 rue Tronchet,Paris,,75008,France,48.8714916,2.325335741,0033-180489305,customerservice2@cosstores.com,http://www.cosstores.com,0900-1100,,,,,,,0,,0,,,"Sydney NSW, Australia",https://www.facebook.com/Acme-1593842447572887/,,,,,
47,,Acme,,Rue Tronchet,We have it all! We sell it all,,9 rue Tronchet,Paris,,75008,France,48.8714916,2.325335741,0033-180489305,customerservice2@cosstores.com,http://www.cosstores.com,0900-1100,,,,,,,0,,0,,,"El Paso, TX, USA",https://www.facebook.com/Acme-1593842447572887/,,,,,
52,,Acme,,BT2 Grafton Street,We have it all! We sell it all,,28-29 Grafton Street,Dublin,,,Ireland,53.34155883,-6.260101497,00353-16056747,customerservice2@cosstores.com,http://www.cosstores.com,0900-1100,,,,,,,0,,0,,,,https://www.facebook.com/Acme-1259469707460379/,,,,,
59,,Acme,,Avenida Liberdade,We have it all! We sell it all,,Avenida Liberdade 67C,Lisbon,,1250-144,Portugal,38.71746905,-9.144371751,0035-1213470296,customerservice2@cosstores.com,http://www.cosstores.com,0900-1100,,,,,,,0,,0,,,,https://www.facebook.com/Acme-863319920480963/,,,,,
69,,Acme,,MixC,We have it all! We sell it all,,111 Qianshan Road,Hefei,,230000,China,31.852508,117.236646,0086-55165990501,customerservice2@cosstores.com,http://www.cosstores.com,0900-1100,,,,,,,0,,0,,,,https://www.facebook.com/Acme-1187432121267463/,,,,,
85,,Acme,,Via Mazzini,We have it all! We sell it all,,Via Mazzini 48/50,Verona,,37121,Italy,45.44076763,10.99482536,0039-045591583,customerservice2@cosstores.com,http://www.cosstores.com,0900-1100,,,,,,,0,,0,,,,https://www.facebook.com/Acme-181719492221200/,,,,,
89,,Acme,,cxvxcvxcvcv xvxcv,We have it all! We sell it all,,Bryggegata 6,Oslo,,0250,Norway,59.90985,10.72672,0047-22017070,customerservice2@cosstores.com,http://www.cosstores.com,0900-1100,,,,,,,0,,0,,,,https://www.facebook.com/Acme-1799255983630575/,,,,,
93,,Acme,,North Beverly Drive,We have it all! We sell it all,,357 North Beverly Drive,Los Angeles,California,90210,United States,34.06945814,-118.4017128,001-3107343472,customerservice2@cosstores.com,http://www.cosstores.com,0900-1100,,,,,,,0,,0,,,,https://www.facebook.com/Acme-239702409714109/,,,,,
94,,Acme,,Bauernmarkt,We have it all! We sell it all,,Bauernmarkt 2a,Vienna,,1010,Austria,48.20941188,16.37135625,0043-15320538,customerservice2@cosstores.com,http://www.cosstores.com,0900-1100,,,,,,,0,,0,,,,https://www.facebook.com/Acme-1250730778290328/,,,,,
95,,Acme,,Martin Place,We have it all! We sell it all,,Martin Place 3,Sydney,New South Wales,2000,Australia,-33.86783883,151.2087044,0061-292313944,customerservice2@cosstores.com,http://www.cosstores.com,0900-1100,1200-1300,,,,,,0,,0,,,,https://www.facebook.com/Acme-957546714353598/,,,,,
110,,Acme,,Kings Road,We have it all! We sell it all,,19 Duke of York Square,London,,SW3 4LY,United Kingdom,51.49154446,-0.159508288,0044-2034282740,customerservice2@cosstores.com,http://www.cosstores.com,0900-1100,,,,,,,0,,0,,,,https://www.facebook.com/Acme-756411861162015/,,,,,
41,,Acme,,Mannheim P7,We have it all! We sell it all,,"P7, 16-18",Mannheim,Baden-Württemberg,68161,Germany,49.48505003,8.473578393,0049-62139180164,customerservice2@cosstores.com,http://www.cosstores.com,0900-1100,,,,,,,0,,0,,,,https://www.facebook.com/Acme-1087700874620972/,,,,,
40,,Acme,,Ludgeristrasse,We have it all! We sell it all,,Ludgeristrasse 116,Münster,North Rhine-Westphalia,48143,Germany,51.96094942,7.627612352,0049-2511353967,customerservice2@cosstores.com,http://www.cosstores.com,0900-1100,,,,,,,0,,0,,,,https://www.facebook.com/Acme-990979754312050/,,,,,
72,,Acme,,Mall of Berlin,We have it all! We sell it all,,Leipziger Platz 12,Berlin,Berlin,10117,Germany,52.51090602,13.38265121,0049-3064316041,customerservice2@cosstores.com,http://www.cosstores.com,0900-1100,,,,,,,0,,0,,,,https://www.facebook.com/Acme-152321945165403/,,,,,
83,,Acme,,Andrássy út,We have it all! We sell it all,,Skånegatan 1-3,Göteborg,,41140,Sweden,57.69024384,11.98910679,0036-12310528,customerservice2@cosstores.com,http://www.cosstores.com,0900-1100,,,,,,,0,,0,,,,https://www.facebook.com/Acme-539542792886942/,,,,,
79,,Acme,,One New Change,We have it all! We sell it all,,Unit SU10,London,,EC4M 9AF,United Kingdom,51.51393064,-0.095663667,0044-2080187690,customerservice2@cosstores.com,http://www.cosstores.com,0900-1100,,,,,,,0,,0,,,,https://www.facebook.com/Acme-1698833970364355/,,,,,
119,,Acme,,De Bijenkorf Den Hagg,We have it all! We sell it all,,Wagenstraat 32,The Hague,,2512AX,Netherlands,52.07638383,4.311972857,0031-613594642,customerservice2@cosstores.com,http://www.cosstores.com,0900-1100,,,,,,,0,,0,,,,https://www.facebook.com/Acme-1741385479440758/,,,,,
11,,Acme,,Store Torv,We have it all! We sell it all,,Store Torv 3,Aarhus,,8000,Denmark,56.15700247,10.20902932,0045-36978871,customerservice2@cosstores.com,http://www.cosstores.com,0900-1100,,,,,,,0,,0,,,,https://www.facebook.com/Acme-1734598850110342/,,,,,
15,,Acme,,Galeries Lafayette Womenswear,We have it all! We sell it all,,40 Boulevard Haussmann,Paris,,75009,France,48.87396322,2.331692576,0033-144637094,customerservice2@cosstores.com,http://www.cosstores.com,0900-1100,,,,,,,0,,0,,,,https://www.facebook.com/Acme-1143810495670722/,,,,,
148,,Acme,,Cheongdam,We have it all! We sell it all,,Apgujeong-ro 418,Seoul,,6015,South Korea,37.5170971,126.9033757,0082-234464820,customerservice2@cosstores.com,http://www.cosstores.com,0900-1100,,,,,,,0,,0,,,,https://www.facebook.com/Acme-221538514951455/,,,,,
50,,Acme,,Birmingham Bullring,We have it all! We sell it all,,Bullring,Birmingham,,B5 4B,United Kingdom,52.47656994,-1.889030775,0044-121 407 4180,customerservice2@cosstores.com,http://www.cosstores.com,0800-1700,0800-1700,0800-1700,0800-1700,0800-1700,0800-1700,0800-1700,0,,0,,,,https://www.facebook.com/Acme-1585917705032380/,,,,,
51,,Acme,,East Street,We have it all! We sell it all,,45 East Street,Brighton,,BN1 1HN,United Kingdom,50.82157714,-0.138651431,0044-1273340030,customerservice2@cosstores.com,http://www.cosstores.com,0900-1100,,,,,,,0,,1,,,,https://www.facebook.com/Acme-582002345301948/,,,,,
58,,Acme,,Mysia 3,We have it all! We sell it all,,Mysia 3,Warsaw,Mazowieckie,00-496,Poland,52.2305034,21.0205852,0048-225831340,customerservice2@cosstores.com,http://www.cosstores.com,0900-1100,,,,,,,0,,0,,,,https://www.facebook.com/Acme-204108913305759/,,,,,
61,,Acme,,Spring Street,We have it all! We sell it all,,129 Spring Street,New York,New York,10012,United States,40.72394446,-74.00050253,001-2123891247,customerservice2@cosstores.com,http://www.cosstores.com,0900-1100,,,,,,,0,,0,,,,,,,,,
68,,Acme,,Xiejiawan Main Street,We have it all! We sell it all,,49 Xiejiawan Main Street,Chongqing,,400050,China,29.51826536,106.5175192,0086-2368417086,customerservice2@cosstores.com,http://www.cosstores.com,0900-1100,,,,,,,0,,0,,,,https://www.facebook.com/Acme-1129044847161607/,,,,,
90,,Acme,,xcvxxvc,We have it all! We sell it all,,Aleja Zwycięstwa 256,Gdynia,Pomorskie,81-525,Poland,54.47591664,18.55174541,0048-586275640,customerservice2@cosstores.com,http://www.cosstores.com,0900-1100,,,,,,,0,,0,,,,https://www.facebook.com/Acme-534774753361886/,,,,,
112,,Acme,,Kensington,We have it all! We sell it all,,124-126 Kensington High St,London,,W8 7RL,United Kingdom,51.50049491,-0.194910765,0044-203 139 2450,customerservice2@cosstores.com,http://www.cosstores.com,0900-1100,,,,,,,0,,0,,,,https://www.facebook.com/Acme-971026982993157/,,,,,
14,,Acme,,Rue Porte Dijeaux,We have it all! We sell it all,,41/43 rue porte dijeaux,Bordeaux,,33000,France,44.84099339,-0.576530099,0033-556303000,customerservice2@cosstores.com,http://www.cosstores.com,0900-1100,,,,,,,0,,0,,,,https://www.facebook.com/Acme-253142158368733/,,,,,
19,,Acme,,Westfield White City,We have it all! We sell it all,,Ariel Way,London,,W12 7SL,United Kingdom,51.50769741,-0.21933496,0044-2031392470,customerservice2@cosstores.com,http://www.cosstores.com,0900-1100,,,,,,,0,,0,,,,https://www.facebook.com/Acme-1180065888678394/,,,,,
24,,Acme,,Aoyama,We have it all! We sell it all,,"4-21-26 Minami Aoyama, Minato Ku",Tokyo,,107-0062,Japan,35.6634546,139.7118433,0081-354137121,customerservice2@cosstores.com,http://www.cosstores.com,0900-1100,1000-1100,,,0900-1700,,,0,,0,,,,https://www.facebook.com/Acme-1763846637199152/,,,,,
54,,Acme,,Via Roma,We have it all! We sell it all,,via Roma 325,Turin,,10121,Italy,45.0651406,7.68087,0039-0632832706,customerservice2@cosstores.com,http://www.cosstores.com,0900-1100,,,,,,,0,,0,,,,https://www.facebook.com/Acme-1546467498982533/,,,,,
77,,Acme,,Rue Montmartre,We have it all! We sell it all,,68 rue Montmartre,Paris,,75002,France,48.86587047,2.344754934,0033-155805200,customerservice2@cosstores.com,http://www.cosstores.com,0900-1100,,,,,,,0,,0,,,,https://www.facebook.com/Acme-1013302552072795/,,,,,
91,,Acme,,ION Orchard,We have it all! We sell it all,,2 Orchard Turn,Singapore,,238801,Singapore,1.303955989,103.831991,0065-62388933,customerservice2@cosstores.com,http://www.cosstores.com,0900-1100,,,,,,,0,,0,,,,https://www.facebook.com/Acme-1019367398111698/,,,,,
114,,Acme,,Dundrum,We have it all! We sell it all,,Sandyford Road,Dublin,,,Ireland,53.28652539,-6.237511598,00353-12968400,customerservice2@cosstores.com,http://www.cosstores.com,0900-1100,,,,,,,0,,0,,,,https://www.facebook.com/Acme-177301759405560/,,,,,
124,,Acme,,River Oaks District,We have it all! We sell it all,,4444 Westheimer Road,Houston,Texas,77024,United States,29.7416632,-95.4538118,001 (281) 661-3386,customerservice2@cosstores.com,http://www.cosstores.com,0900-1100,,,,,,,0,,0,,,,https://www.facebook.com/Acme-1086184161403893/,,,,,
131,,Acme,,Königsallee,We have it all! We sell it all,,Königsallee 80,Dusseldorf,North Rhine-Westphalia,40212,Germany,51.22075327,6.779433489,0049-2111684868,customerservice2@cosstores.com,http://www.cosstores.com,0900-1100,,,,,,,0,,0,,,,https://www.facebook.com/Acme-106392726433181/,,,,,
136,,Acme,,Moraleja Green,We have it all! We sell it all,,Avenida de Europa 13-15,Madrid,,28108,Spain,40.51894577,-3.656569719,0034-915999874,customerservice2@cosstores.com,http://www.cosstores.com,0900-1100,,,,,,,0,,0,,,,https://www.facebook.com/Acme-838584796270440/,,,,,
143,,Acme,,Selfridges London,We have it all! We sell it all,,400 Oxford Street,London,,W1A 2LR,United Kingdom,51.51438466,-0.152392387,0044-207 3183499,customerservice2@cosstores.com,http://www.cosstores.com,0900-1100,,,,,,,0,,0,,,,https://www.facebook.com/Acme-1704225466525953/,,,,,
152,,Acme,,Lilla Nygatan,We have it all! We sell it all,,Lilla Nygatan 2,Gothenburg,,41109,Sweden,57.70451983,11.97041452,0046-31-600280,customerservice2@cosstores.com,http://www.cosstores.com,0900-1100,,,,,,,0,,0,,,,https://www.facebook.com/Acme-1010123169076197/,,,,,
28,,Acme,,Klif Warsaw,We have it all! We sell it all,,Okopowa 58/72,Warsaw,Mazowieckie,01-042,Poland,52.24634407,20.97873151,0048-225306540,customerservice2@cosstores.com,http://www.cosstores.com,0900-1100,,,,,,,0,,0,,,,https://www.facebook.com/Acme-205001229882134/,,,,,
56,,Acme,,Rue Philippe II,We have it all! We sell it all,,6 Rue Philippe II,Luxembourg,Area 3,1661,Luxembourg,49.61178402,6.128024161,0035-228225293,customerservice2@cosstores.com,http://www.cosstores.com,0900-1100,,,,,,,0,,0,,,,https://www.facebook.com/Acme-226805154351349/,,,,,
103,,Acme,,Karmarschstrasse,We have it all! We sell it all,,Karmarschstrasse 17-23,Hanover,Lower Saxony,30159,Germany,52.3744,9.73829,0049-51153902658,customerservice2@cosstores.com,http://www.cosstores.com,0900-1100,,,,,,,0,,0,,,,https://www.facebook.com/Acme-1228570927153516/,,,,,
104,,Acme,,Krystalgade,We have it all! We sell it all,,Krystalgade 14-16,Copenhagen,,1171,Denmark,55.6808782,12.57312298,0045-36978781,customerservice2@cosstores.com,http://www.cosstores.com,0900-1100,,,,,,,0,,0,,,,https://www.facebook.com/Acme-777413172395341/,,,,,
120,,Acme,,Stary Browar,We have it all! We sell it all,,uL. półwiejska 42,Poznan,Wielkopolskie,61-888,Poland,52.40176593,16.92512512,0048-618117540,customerservice2@cosstores.com,http://www.cosstores.com,0900-1100,,,,,,,0,,0,,,,https://www.facebook.com/Acme-1088300277894232/,,,,,
140,,Acme,,Le Printemps,We have it all! We sell it all,,64 boulevard Haussmann,Paris,,75009,France,48.87386443,2.327240109,0033-142824980,customerservice2@cosstores.com,http://www.cosstores.com,0900-1100,,,,,,,0,,0,,,,https://www.facebook.com/Acme-767830450020190/,,,,,
142,,Acme,,Regent Street,We have it all! We sell it all,,222 Regent Street,London,,W1B 5BD,United Kingdom,51.51365606,-0.14095813,0044-2031392440,customerservice2@cosstores.com,http://www.cosstores.com,0900-1100,,,,,,,0,,0,,,,https://www.facebook.com/Acme-1701353500133373/,,,,,
75,,Acme,,Parque comercial la Cañada,We have it all! We sell it all,,Carretera de Ojén,Marbella,Andalusia,29600,Spain,36.52178497,-4.876817197,0034-951519284,customerservice2@cosstores.com,http://www.cosstores.com,0900-1100,,,,,,,0,,0,,,,https://www.facebook.com/Acme-218489761854861/,,,,,
76,,Acme,,Rue Cantegril,We have it all! We sell it all,,2 rue cantegril,Toulouse,,31000,France,43.60133872,1.447631121,0033-561105890,customerservice2@cosstores.com,http://www.cosstores.com,0900-1100,,,,,,,0,,0,,,,https://www.facebook.com/Acme-224782547883439/,,,,,
71,,Acme,,Friedrichstrasse,We have it all! We sell it all,,Friedrichstrasse 83,Berlin,Berlin,10117,Germany,52.51594665,13.38917166,0049-3020058841,customerservice2@cosstores.com,http://www.cosstores.com,0900-1100,,,,,,,0,,0,,,,https://www.facebook.com/Acme-1011170738970482/,,,,,
86,,Acme,,Jamsil Lotte World Mall,We have it all! We sell it all,,29 Shinceon-dong,Seoul,,5554,South Korea,37.5109773,127.098092,0082-2-32134140,customerservice2@cosstores.com,http://www.cosstores.com,0900-1100,,,,,,,0,,0,,,,https://www.facebook.com/Acme-1535817060059816/,,,,,
113,,Acme,,Queen's Road Central,We have it all! We sell it all,,74 Queen's Road Central,Hong Kong,,,Hong Kong,22.28255548,114.1557638,00852-35807938,customerservice2@cosstores.com,http://www.cosstores.com,0900-1100,,,,,,,0,,0,,,,https://www.facebook.com/Acme-1245140752217693/,,,,,
149,,Acme,,Hartenstraat,We have it all! We sell it all,,Hartenstraat 23,Amsterdam,,1016CA,Netherlands,52.37227504,4.88589853,0031-20-4288740,customerservice2@cosstores.com,http://www.cosstores.com,0900-1100,,,,,,,0,,0,,,,https://www.facebook.com/Acme-1562936964005128/,,,,,
150,,Acme,,De Bijenkorf Rotterdam,We have it all! We sell it all,,Coolsingel 105,Rotterdam,,3012AG,Netherlands,51.92040676,4.479160309,0031-613297018,customerservice2@cosstores.com,http://www.cosstores.com,0900-1100,,,,,,,0,,0,,,,https://www.facebook.com/Acme-849168301895598/,,,,,
45,,Acme,,Rue de Grenelle,We have it all! We sell it all,,3 Rue de Grenelle,Paris,,75006,France,48.85238142,2.329773456,0033-140482850,customerservice2@cosstores.com,http://www.cosstores.com,0900-1100,,,,,,,0,,0,,,,https://www.facebook.com/Acme-514503428734652/,,,,,
46,,Acme,,Lyon Galeries Lafayette,We have it all! We sell it all,,"Centre Commercial Part Dieu, rue du Docteur Bouchut",Lyon,,69003,France,45.7629874,4.855581522,0033-478039717,customerservice2@cosstores.com,http://www.cosstores.com,0900-1100,,,,,,,0,,0,,,,https://www.facebook.com/Acme-1746843508862529/,,,,,
57,,Acme,,Karel Doormanstraat,We have it all! We sell it all,,Karel Doormanstraat 278,Rotterdam,,3012GP,Netherlands,51.92194355,4.474208951,0031-10-4125563,customerservice2@cosstores.com,http://www.cosstores.com,0900-1100,,,,,,,0,,0,,,,https://www.facebook.com/Acme-112132695854485/,,,,,
60,,Acme,,Westgate,We have it all! We sell it all,,3 Gateway drive,Singapore,,608532,Singapore,1.334246192,103.7428236,0065-64659519,customerservice2@cosstores.com,http://www.cosstores.com,0900-1100,,,,,,,0,,0,,,,https://www.facebook.com/Acme-218341581865606/,,,,,
73,,Acme,,Vestergade,We have it all! We sell it all,,Vestergade 20,Odense,,5000,Denmark,55.39594574,10.38697779,0045-36978831,customerservice2@cosstores.com,http://www.cosstores.com,0900-1100,,,,,,,0,,0,,,,https://www.facebook.com/Acme-822869554483664/,,,,,
92,,Acme,,Point Bornova,We have it all! We sell it all,,"4174 Sokak, 4 Bağburnu Mevkii",Izmir,,35080,Turkey,38.43090006,27.21108556,0090-5340154496,customerservice2@cosstores.com,http://www.cosstores.com,0900-1100,,,,,,,0,,0,,,,https://www.facebook.com/Acme-1782495395311746/,,,,,
96,,Acme,,Chaussée De Waterloo,We have it all! We sell it all,,Chaussée de Waterloo 939-940,Brussels,Bruxelles-Capitale,1180,Belgium,50.8070665,4.3713311,0032-23747103,customerservice2@cosstores.com,http://www.cosstores.com,0900-1100,,,,,,,0,,0,,,"New York, NY 10019, USA",https://www.facebook.com/Acme-1710099579229801/,,,,,
96,,Acme,,Chaussée De Waterloo,We have it all! We sell it all,,Chaussée de Waterloo 939-940,Brussels,Bruxelles-Capitale,1180,Belgium,50.8070665,4.3713311,0032-23747103,customerservice2@cosstores.com,http://www.cosstores.com,0900-1100,,,,,,,0,,0,,,"Vinnytsia, Vinnytsia Oblast, Ukraine, 21000",https://www.facebook.com/Acme-1710099579229801/,,,,,
96,,Acme,,Chaussée De Waterloo,We have it all! We sell it all,,Chaussée de Waterloo 939-940,Brussels,Bruxelles-Capitale,1180,Belgium,50.8070665,4.3713311,0032-23747103,customerservice2@cosstores.com,http://www.cosstores.com,0900-1100,,,,,,,0,,0,,,"Orlando, FL 32819, USA",https://www.facebook.com/Acme-1710099579229801/,,,,,
96,,Acme,,Chaussée De Waterloo,We have it all! We sell it all,,Chaussée de Waterloo 939-940,Brussels,Bruxelles-Capitale,1180,Belgium,50.8070665,4.3713311,0032-23747103,customerservice2@cosstores.com,http://www.cosstores.com,0900-1100,,,,,,,0,,0,,,"Dnipro, Dnipropetrovsk Oblast, Ukraine, 49000",https://www.facebook.com/Acme-1710099579229801/,,,,,
96,,Acme,,Chaussée De Waterloo,We have it all! We sell it all,,Chaussée de Waterloo 939-940,Brussels,Bruxelles-Capitale,1180,Belgium,50.8070665,4.3713311,0032-23747103,customerservice2@cosstores.com,http://www.cosstores.com,0900-1100,,,,,,,0,,0,,,"Bengaluru, Karnataka 560068, India",https://www.facebook.com/Acme-1710099579229801/,,,,,
96,,Acme,,Chaussée De Waterloo,We have it all! We sell it all,,Chaussée de Waterloo 939-940,Brussels,Bruxelles-Capitale,1180,Belgium,50.8070665,4.3713311,0032-23747103,customerservice2@cosstores.com,http://www.cosstores.com,0900-1100,,,,,,,0,,0,,,"Zaporizhzhia, Zaporizhia Oblast, Ukraine, 69000",https://www.facebook.com/Acme-1710099579229801/,,,,,
96,,Acme,,Chaussée De Waterloo,We have it all! We sell it all,,Chaussée de Waterloo 939-940,Brussels,Bruxelles-Capitale,1180,Belgium,50.8070665,4.3713311,0032-23747103,customerservice2@cosstores.com,http://www.cosstores.com,0900-1100,,,,,,,0,,0,,,"Ivano-Frankivsk, Ivano-Frankivsk Oblast, Ukraine, 76000",https://www.facebook.com/Acme-1710099579229801/,,,,,
96,,Acme,,Chaussée De Waterloo,We have it all! We sell it all,,Chaussée de Waterloo 939-940,Brussels,Bruxelles-Capitale,1180,Belgium,50.8070665,4.3713311,0032-23747103,customerservice2@cosstores.com,http://www.cosstores.com,0900-1100,,,,,,,0,,0,,,"Mariupol, Donetsk Oblast, Ukraine, 87500",https://www.facebook.com/Acme-1710099579229801/,,,,,
96,,Acme,,Chaussée De Waterloo,We have it all! We sell it all,,Chaussée de Waterloo 939-940,Brussels,Bruxelles-Capitale,1180,Belgium,50.8070665,4.3713311,0032-23747103,customerservice2@cosstores.com,http://www.cosstores.com,0900-1100,,,,,,,0,,0,,,"92318 Neumarkt in der Oberpfalz, Germany",https://www.facebook.com/Acme-1710099579229801/,,,,,
96,,Acme,,Chaussée De Waterloo,We have it all! We sell it all,,Chaussée de Waterloo 939-940,Brussels,Bruxelles-Capitale,1180,Belgium,50.8070665,4.3713311,0032-23747103,customerservice2@cosstores.com,http://www.cosstores.com,0900-1100,,,,,,,0,,0,,,"New York, NY 10036, USA",https://www.facebook.com/Acme-1710099579229801/,,,,,
96,,Acme,,Chaussée De Waterloo,We have it all! We sell it all,,Chaussée de Waterloo 939-940,Brussels,Bruxelles-Capitale,1180,Belgium,50.8070665,4.3713311,0032-23747103,customerservice2@cosstores.com,http://www.cosstores.com,0900-1100,,,,,,,0,,0,,,"fgfgfgfgfgfgfgfgfg, Tunisia",https://www.facebook.com/Acme-1710099579229801/,,,,,
96,,Acme,,Chaussée De Waterloo,We have it all! We sell it all,,Chaussée de Waterloo 939-940,Brussels,Bruxelles-Capitale,1180,Belgium,50.8070665,4.3713311,0032-23747103,customerservice2@cosstores.com,http://www.cosstores.com,0900-1100,,,,,,,0,,0,,,"fggfgfgffgfgfg, Belarus",https://www.facebook.com/Acme-1710099579229801/,,,,,
96,,Acme,,Chaussée De Waterloo,We have it all! We sell it all,,Chaussée de Waterloo 939-940,Brussels,Bruxelles-Capitale,1180,Belgium,50.8070665,4.3713311,0032-23747103,customerservice2@cosstores.com,http://www.cosstores.com,0900-1100,,,,,,,0,,0,,,"fgfgfgfgfgfggf, Paraguay",https://www.facebook.com/Acme-1710099579229801/,,,,,
96,,Acme,,Chaussée De Waterloo,We have it all! We sell it all,,Chaussée de Waterloo 939-940,Brussels,Bruxelles-Capitale,1180,Belgium,50.8070665,4.3713311,0032-23747103,customerservice2@cosstores.com,http://www.cosstores.com,0900-1100,,,,,,,0,,0,,,"Fgura, Malta",https://www.facebook.com/Acme-1710099579229801/,,,,,
96,,Acme,,Chaussée De Waterloo,We have it all! We sell it all,,Chaussée de Waterloo 939-940,Brussels,Bruxelles-Capitale,1180,Belgium,50.8070665,4.3713311,0032-23747103,customerservice2@cosstores.com,http://www.cosstores.com,0900-1100,,,,,,,0,,0,,,"RTC Cross Road, Himayatnagar, Hyderabad, Telangana, India",https://www.facebook.com/Acme-1710099579229801/,,,,,
96,,Acme,,Chaussée De Waterloo,We have it all! We sell it all,,Chaussée de Waterloo 939-940,Brussels,Bruxelles-Capitale,1180,Belgium,50.8070665,4.3713311,0032-23747103,customerservice2@cosstores.com,http://www.cosstores.com,0900-1100,,,,,,,0,,0,,,"RTC Colony, Trimulgherry, Secunderabad, Telangana, India",https://www.facebook.com/Acme-1710099579229801/,,,,,
96,,Acme,,Chaussée De Waterloo,We have it all! We sell it all,,Chaussée de Waterloo 939-940,Brussels,Bruxelles-Capitale,1180,Belgium,50.8070665,4.3713311,0032-23747103,customerservice2@cosstores.com,http://www.cosstores.com,0900-1100,,,,,,,0,,0,,,"Ersdorf, Meckenheim, Germany",https://www.facebook.com/Acme-1710099579229801/,,,,,
96,,Acme,,Chaussée De Waterloo,We have it all! We sell it all,,Chaussée de Waterloo 939-940,Brussels,Bruxelles-Capitale,1180,Belgium,50.8070665,4.3713311,0032-23747103,customerservice2@cosstores.com,http://www.cosstores.com,0900-1100,,,,,,,0,,0,,,"Queenstown, New Zealand",https://www.facebook.com/Acme-1710099579229801/,,,,,
96,,Acme,,Chaussée De Waterloo,We have it all! We sell it all,,Chaussée de Waterloo 939-940,Brussels,Bruxelles-Capitale,1180,Belgium,50.8070665,4.3713311,0032-23747103,customerservice2@cosstores.com,http://www.cosstores.com,0900-1100,,,,,,,0,,0,,,"FD Block, Sector III, Bidhannagar, Kolkata, West Bengal, India",https://www.facebook.com/Acme-1710099579229801/,,,,,
96,,Acme,,Chaussée De Waterloo,We have it all! We sell it all,,Chaussée de Waterloo 939-940,Brussels,Bruxelles-Capitale,1180,Belgium,50.8070665,4.3713311,0032-23747103,customerservice2@cosstores.com,http://www.cosstores.com,0900-1100,,,,,,,0,,0,,,"India Cements Limited Colony, Yerraguntla, Andhra Pradesh, India",https://www.facebook.com/Acme-1710099579229801/,,,,,
96,,Acme,,Chaussée De Waterloo,We have it all! We sell it all,,Chaussée de Waterloo 939-940,Brussels,Bruxelles-Capitale,1180,Belgium,50.8070665,4.3713311,0032-23747103,customerservice2@cosstores.com,http://www.cosstores.com,0900-1100,,,,,,,0,,0,,,"Toronto, ON, Canada",https://www.facebook.com/Acme-1710099579229801/,,,,,
108,,Acme,,Nice Galeries Lafayette,We have it all! We sell it all,,6 avenue Jean Médecin,Nice,,6007,France,43.69879799,7.269617915,0033-493544518,customerservice2@cosstores.com,http://www.cosstores.com,0900-1100,,,,,,,0,,0,,,,https://www.facebook.com/Acme-1735512016662542/,,,,,
139,,Acme,,Nantes Galeries Lafayette,We have it all! We sell it all,,2-20 rue de la Marne,Nantes,,44000,France,47.21578606,-1.554299891,0033-240998212,customerservice2@cosstores.com,http://www.cosstores.com,0900-1100,,,,,,,0,,0,,,,https://www.facebook.com/Acme-1718820075023656/,,,,,
22,,Acme,,Galway Brown Thomas,We have it all! We sell it all,,21 Eglinton Street,Galway,,454445,Ireland,53.27412207,-9.051715136,00353-91 565 254,customerservice2@cosstores.com,http://www.cosstores.com,0900-1100,,,,,,,0,,0,,,,https://www.facebook.com/Acme-347205002333546/,,,,,
43,,Acme,,Calle de Claudio Coello,We have it all! We sell it all,,Calle de Claudio Coello 53-55,Madrid,,28001,Spain,40.42727129,-3.686387837,0034-915999864,customerservice2@cosstores.com,http://www.cosstores.com,0900-1100,,,,,,,0,,0,,,,https://www.facebook.com/Acme-204769456572737/,,,,,
64,,Acme,,Herrengasse,We have it all! We sell it all,,Herrengasse 8,Graz,Styria,8010,Austria,47.07052921,15.43912098,0043-316810544,customerservice2@cosstores.com,http://www.cosstores.com,0900-1100,,,,,,,0,,0,,,,https://www.facebook.com/Acme-1063528650352075/,,,,,
111,,Acme,,Westfield Stratford,We have it all! We sell it all,,"Westfield, Stratford City",London,,E20 1EL,United Kingdom,51.54286544,-0.00746727,0044-203 4282760,customerservice2@cosstores.com,http://www.cosstores.com,0900-1100,,,,,,,0,,0,,,,https://www.facebook.com/Acme-624126894407936/,,,,,
117,,Acme,,The Hyundai Pangyo,We have it all! We sell it all,,"541 Baekhyeon-dong, Bundang-Gu",Seongnam,,13609,South Korea,37.3926681,127.11164,0082-31-51702280,customerservice2@cosstores.com,http://www.cosstores.com,0900-1100,,,,,,,0,,0,,,,https://www.facebook.com/Acme-482927648569109/,,,,,
146,,Acme,,Via Luigi Carlo Farini,We have it all! We sell it all,,Via Luigi Carlo Farini 9,Bologna,,40124,Italy,44.49141025,11.34477317,0039-0512361222,customerservice2@cosstores.com,http://www.cosstores.com,0900-1100,,,,,,,0,,0,,,,https://www.facebook.com/Acme-1743311422549821/,,,,,
13,,Acme,,"Málaga, Spain",We have it all! We sell it all,,Calle Larios 4,Malaga,,29005,Afghanistan,36.7202013,-4.421779178,0034-951766282,customerservice2@cosstores.com,http://www.cosstores.com,0900-1100,,,,,,,0,,0,,,,https://www.facebook.com/Acme-1023505067695782/,,,,,
23,,Acme,,Via Della Spada,We have it all! We sell it all,,Via Della Spada 1,Florence,,50123,Italy,43.77149378,11.25115871,0039-055281093,customerservice2@cosstores.com,http://www.cosstores.com,0900-1100,,,,,,,0,,0,,,,https://www.facebook.com/Acme-232803593774815/,,,,,
44,,Acme,,Galleria Esplanad,We have it all! We sell it all,,Pohjoisesplanadi 31,Helsinki,,00100,Finland,60.16784625,24.94667351,00358-947804100,customerservice2@cosstores.com,http://www.cosstores.com,0900-1100,,,,,,,0,,0,,,,https://www.facebook.com/Acme-168492613545324/,,,,,
55,,Acme,,Times Square Mall,We have it all! We sell it all,,Hälsinborgsvägen 38,Landskrona,-,26141,Sweden,55.88501237,12.83347324,0082-2-26382670,customerservice2@cosstores.com,http://www.cosstores.com,0900-1100,,,,,,,0,,0,,,,https://www.facebook.com/Acme-453028988239537/,,,,,
88,,Acme,,De Bijenkorf Amsterdam,We have it all! We sell it all,,Dam 1,Amsterdam,,1012JS,Netherlands,52.37341805,4.893845916,0031-6-23-16-48-82,customerservice2@cosstores.com,http://www.cosstores.com,0900-1100,,,,,,,0,,0,,,,https://www.facebook.com/Acme-1535134806790160/,,,,,
99,,Acme,,Qingdao MixC,We have it all! We sell it all,,"10 Shandong Road, Shinan District",Qingdao,,266071,China,36.0653563,120.3795781,0086-53255768519,customerservice2@cosstores.com,http://www.cosstores.com,0900-1100,,,,,,,0,,0,,,,https://www.facebook.com/Acme-1734890426751840/,,,,,
102,,Acme,,Hohenzollernstrasse,We have it all! We sell it all,,Hohenzollernstrasse 12,Munich,Baveria,80801,Germany,48.15966264,11.58419251,0049-8933019109,customerservice2@cosstores.com,http://www.cosstores.com,0900-1100,,,,,,,0,,0,,,,https://www.facebook.com/Acme-1725730991003814/,,,,,
100,,Acme,,Sanlitun Road,We have it all! We sell it all,,19 Sanlitun Road,Beijing,,100027,China,39.9194933,116.4490896,0086-2164170724,customerservice2@cosstores.com,http://www.cosstores.com,0900-1100,,,,,,,0,,0,,,,https://www.facebook.com/Acme-1083139735042218/,,,,,
105,,Acme,,Zielo,We have it all! We sell it all,,Avenida de Europa 26,Madrid,,28224,Spain,40.4411409,-3.7840817,0034-915999865,customerservice2@cosstores.com,http://www.cosstores.com,0900-1100,,,,,,,0,,0,,,,https://www.facebook.com/Acme-939520792812323/,,,,,
128,,Acme,,Marktgasse,We have it all! We sell it all,,Marktgasse 14,Zurich,,8001,Switzerland,47.37196767,8.543862998,0041-585150850,customerservice2@cosstores.com,http://www.cosstores.com,0900-1100,,,,,,,0,,0,,,,https://www.facebook.com/Acme-1596925513956014/,,,,,
134,,Acme,,dfgdfgdfgd,We have it all! We sell it all,,Østergade 33-35,Copenhagen,,1100,Denmark,55.67939013,12.58200914,0045-36978881,customerservice2@cosstores.com,http://www.cosstores.com,0900-1100,,,,,,,0,,0,,,,https://www.facebook.com/Acme-817745068369902/,,,,,
138,,Acme,,Rue du Dôme,We have it all! We sell it all,,21 rue du Dôme,Strasbourg,,67000,France,48.58299528,7.750788778,0033-388237260,customerservice2@cosstores.com,http://www.cosstores.com,0900-1100,,,,,,,0,,0,,,,https://www.facebook.com/Acme-587313834768159/,,,,,
147,,Acme,,Via Antonio Scarpa,We have it all! We sell it all,,Via Antonio Scarpa I,Milan,,20145,Italy,45.46663962,9.163032174,0039-0632832710,customerservice2@cosstores.com,http://www.cosstores.com,0900-1100,,,,,,,0,,0,,,,https://www.facebook.com/Acme-1717011441912867/,,,,,
78,,Acme,,Rue de Charonne,We have it all! We sell it all,,18 rue de Charonne,Paris,,75011,France,48.852879,2.3746026,0033-170088450,customerservice2@cosstores.com,http://www.cosstores.com,0900-1100,,,,,,,0,,0,,,,https://www.facebook.com/Acme-652613111559460/,,,,,
106,,Acme,,Rue des Rosiers,We have it all! We sell it all,,4 rue des rosiers,Paris,,75004,France,48.85658611,2.360637635,0033-144543770,customerservice2@cosstores.com,http://www.cosstores.com,0900-1100,,,,,,,0,,0,,,,https://www.facebook.com/Acme-1718519718428092/,,,,,
116,,Acme,,Via Borgognona,We have it all! We sell it all,,via Borgognona 36,Rome,,187,Italy,41.9045016,12.4803981,0039-0632832707,customerservice2@cosstores.com,http://www.cosstores.com,0900-1100,,,,,,,0,,0,,,,https://www.facebook.com/Acme-1588607404789976/,,,,,
126,,Acme,,Stadsfeestzaal,We have it all! We sell it all,,Meir 80,Antwerpen,Vlaanderen,2000,Belgium,51.21819131,4.412676394,0032-32319800,customerservice2@cosstores.com,http://www.cosstores.com,0900-1100,,,,,,,0,,0,,,,https://www.facebook.com/Acme-1681175635503467/,,,,,
130,,Acme,,Yitian Holiday Plaza,We have it all! We sell it all,,"9028 Shennan Road, Nanshan District",Shenzhen,,518000,China,22.537432,113.9754949,0086-75586298386,customerservice2@cosstores.com,http://www.cosstores.com,0900-1100,,,,,,,0,,0,,,,https://www.facebook.com/Acme-1291582877524094/,,,,,
127,,Acme,,Rue du pot d'Or,We have it all! We sell it all,,Rue du pot d'Or 18,Liège,Area 1,4000,Belgium,50.6325126,5.5795963,0032-42235414,customerservice2@cosstores.com,http://www.cosstores.com,0900-1100,,,,,,,0,,0,,,,https://www.facebook.com/Acme-608637119283246/,,,,,
122,,Acme,,Raffles City Singapore,We have it all! We sell it all,,252 North Bridge Road,Singapore,,179103,Singapore,1.284297,103.851064,0065-63361690,customerservice2@cosstores.com,http://www.cosstores.com,0900-1100,,,,,,,0,,0,,,,https://www.facebook.com/Acme-875495612559385/,,,,,
154,,Acme,,South Coast Plaza,We have it all! We sell it all,,3333 Bristol Street,Costa Mesa,California,92626,United States,33.6900047,-117.8885843,001-6572053751,customerservice2@cosstores.com,http://www.cosstores.com,0900-1100,,,,,,,0,,0,,,,https://www.facebook.com/Acme-1743353032545216/,,,,,
153,,Acme,,ffffgfgd,We have it all! We sell it all,,Zincirlikuyu Caddesi,Istanbul,,34340,Turkey,41.06545553,29.01742458,0090-2123536014,customerservice2@cosstores.com,http://www.cosstores.com,0900-1100,,,,,,,0,,0,,,,https://www.facebook.com/Acme-1694276187497260/,,,,,
12,,Acme,,"Valencia, Spain",We have it all! We sell it all,,Jorge Juan 5,Valencia,,46004,Spain,39.46988701,-0.369723737,0034-961215858,customerservice2@cosstores.com,http://www.cosstores.com,0900-1100,,,,,,,0,,0,,,,https://www.facebook.com/Acme-227421794290488/,,,,,
17,,Acme,,Levallois-Perret,We have it all! We sell it all,,"60, rue du President Wilson",Levallois-Perret,,92300,France,48.893217,2.287864,0033-180489302,customerservice2@cosstores.com,http://www.cosstores.com,0900-1100,,,,,,,0,,0,,,,https://www.facebook.com/Acme-1683898828539284/,,,,,
42,,Acme,,Falkoner allé,We have it all! We sell it all,,Falkoner allé 21 - 23,Frederiksberg,,2000,Denmark,55.68148308,12.53401101,0045-36978101,customerservice2@cosstores.com,http://www.cosstores.com,0900-1100,,,,,,,0,,0,,,"Malmö, Sweden",https://www.facebook.com/Acme-476256289246386/,,,,,
42,,Acme,,Falkoner allé,We have it all! We sell it all,,Falkoner allé 21 - 23,Frederiksberg,,2000,Denmark,55.68148308,12.53401101,0045-36978101,customerservice2@cosstores.com,http://www.cosstores.com,0900-1100,,,,,,,0,,0,,,"Malolos, Bulacan, Philippines",https://www.facebook.com/Acme-476256289246386/,,,,,
42,,Acme,,Falkoner allé,We have it all! We sell it all,,Falkoner allé 21 - 23,Frederiksberg,,2000,Denmark,55.68148308,12.53401101,0045-36978101,customerservice2@cosstores.com,http://www.cosstores.com,0900-1100,,,,,,,0,,0,,,"Málaga, Spain",https://www.facebook.com/Acme-476256289246386/,,,,,
42,,Acme,,Falkoner allé,We have it all! We sell it all,,Falkoner allé 21 - 23,Frederiksberg,,2000,Denmark,55.68148308,12.53401101,0045-36978101,customerservice2@cosstores.com,http://www.cosstores.com,0900-1100,,,,,,,0,,0,,,"Malang, Malang City, East Java, Indonesia",https://www.facebook.com/Acme-476256289246386/,,,,,
42,,Acme,,Falkoner allé,We have it all! We sell it all,,Falkoner allé 21 - 23,Frederiksberg,,2000,Denmark,55.68148308,12.53401101,0045-36978101,customerservice2@cosstores.com,http://www.cosstores.com,0900-1100,,,,,,,0,,0,,,Maldives,https://www.facebook.com/Acme-476256289246386/,,,,,
42,,Acme,,Falkoner allé,We have it all! We sell it all,,Falkoner allé 21 - 23,Frederiksberg,,2000,Denmark,55.68148308,12.53401101,0045-36978101,customerservice2@cosstores.com,http://www.cosstores.com,0900-1100,,,,,,,0,,0,,,Malta,https://www.facebook.com/Acme-476256289246386/,,,,,
42,,Acme,,Falkoner allé,We have it all! We sell it all,,Falkoner allé 21 - 23,Frederiksberg,,2000,Denmark,55.68148308,12.53401101,0045-36978101,customerservice2@cosstores.com,http://www.cosstores.com,0900-1100,,,,,,,0,,0,,,"Malibu, CA, USA",https://www.facebook.com/Acme-476256289246386/,,,,,
42,,Acme,,Falkoner allé,We have it all! We sell it all,,Falkoner allé 21 - 23,Frederiksberg,,2000,Denmark,55.68148308,12.53401101,0045-36978101,customerservice2@cosstores.com,http://www.cosstores.com,0900-1100,,,,,,,0,,0,,,"Madrid, Spain",https://www.facebook.com/Acme-476256289246386/,,,,,
42,,Acme,,Falkoner allé,We have it all! We sell it all,,Falkoner allé 21 - 23,Frederiksberg,,2000,Denmark,55.68148308,12.53401101,0045-36978101,customerservice2@cosstores.com,http://www.cosstores.com,0900-1100,,,,,,,0,,0,,,"Manhattan, New York, NY, USA",https://www.facebook.com/Acme-476256289246386/,,,,,
42,,Acme,,Falkoner allé,We have it all! We sell it all,,Falkoner allé 21 - 23,Frederiksberg,,2000,Denmark,55.68148308,12.53401101,0045-36978101,customerservice2@cosstores.com,http://www.cosstores.com,0900-1100,,,,,,,0,,0,,,"Mar del Plata, Buenos Aires Province, Argentina",https://www.facebook.com/Acme-476256289246386/,,,,,
42,,Acme,,Falkoner allé,We have it all! We sell it all,,Falkoner allé 21 - 23,Frederiksberg,,2000,Denmark,55.68148308,12.53401101,0045-36978101,customerservice2@cosstores.com,http://www.cosstores.com,0900-1100,,,,,,,0,,0,,,"Manchester, UK",https://www.facebook.com/Acme-476256289246386/,,,,,
42,,Acme,,Falkoner allé,We have it all! We sell it all,,Falkoner allé 21 - 23,Frederiksberg,,2000,Denmark,55.68148308,12.53401101,0045-36978101,customerservice2@cosstores.com,http://www.cosstores.com,0900-1100,,,,,,,0,,0,,,"Melbourne VIC, Australia",https://www.facebook.com/Acme-476256289246386/,,,,,
42,,Acme,,Falkoner allé,We have it all! We sell it all,,Falkoner allé 21 - 23,Frederiksberg,,2000,Denmark,55.68148308,12.53401101,0045-36978101,customerservice2@cosstores.com,http://www.cosstores.com,0900-1100,,,,,,,0,,0,,,"Miami, FL, USA",https://www.facebook.com/Acme-476256289246386/,,,,,
42,,Acme,,Falkoner allé,We have it all! We sell it all,,Falkoner allé 21 - 23,Frederiksberg,,2000,Denmark,55.68148308,12.53401101,0045-36978101,customerservice2@cosstores.com,http://www.cosstores.com,0900-1100,,,,,,,0,,0,,,"Mumbai, Maharashtra, India",https://www.facebook.com/Acme-476256289246386/,,,,,
42,,Acme,,Falkoner allé,We have it all! We sell it all,,Falkoner allé 21 - 23,Frederiksberg,,2000,Denmark,55.68148308,12.53401101,0045-36978101,customerservice2@cosstores.com,http://www.cosstores.com,0900-1100,,,,,,,0,,0,,,"London, UK",https://www.facebook.com/Acme-476256289246386/,,,,,
42,,Acme,,Falkoner allé,We have it all! We sell it all,,Falkoner allé 21 - 23,Frederiksberg,,2000,Denmark,55.68148308,12.53401101,0045-36978101,customerservice2@cosstores.com,http://www.cosstores.com,0900-1100,,,,,,,0,,0,,,"Los Angeles, CA, USA",https://www.facebook.com/Acme-476256289246386/,,,,,
42,,Acme,,Falkoner allé,We have it all! We sell it all,,Falkoner allé 21 - 23,Frederiksberg,,2000,Denmark,55.68148308,12.53401101,0045-36978101,customerservice2@cosstores.com,http://www.cosstores.com,0900-1100,,,,,,,0,,0,,,"Las Vegas, NV, USA",https://www.facebook.com/Acme-476256289246386/,,,,,
42,,Acme,,Falkoner allé,We have it all! We sell it all,,Falkoner allé 21 - 23,Frederiksberg,,2000,Denmark,55.68148308,12.53401101,0045-36978101,customerservice2@cosstores.com,http://www.cosstores.com,0900-1100,,,,,,,0,,0,,,"Lima, Peru",https://www.facebook.com/Acme-476256289246386/,,,,,
42,,Acme,,Falkoner allé,We have it all! We sell it all,,Falkoner allé 21 - 23,Frederiksberg,,2000,Denmark,55.68148308,12.53401101,0045-36978101,customerservice2@cosstores.com,http://www.cosstores.com,0900-1100,,,,,,,0,,0,,,"Lucknow, Uttar Pradesh, India",https://www.facebook.com/Acme-476256289246386/,,,,,
42,,Acme,,Falkoner allé,We have it all! We sell it all,,Falkoner allé 21 - 23,Frederiksberg,,2000,Denmark,55.68148308,12.53401101,0045-36978101,customerservice2@cosstores.com,http://www.cosstores.com,0900-1100,,,,,,,0,,0,,,"Edinburgh, UK",https://www.facebook.com/Acme-476256289246386/,,,,,
42,,Acme,,Falkoner allé,We have it all! We sell it all,,Falkoner allé 21 - 23,Frederiksberg,,2000,Denmark,55.68148308,12.53401101,0045-36978101,customerservice2@cosstores.com,http://www.cosstores.com,0900-1100,,,,,,,0,,0,,,"Frankfurt, Germany",https://www.facebook.com/Acme-476256289246386/,,,,,
42,,Acme,,Falkoner allé,We have it all! We sell it all,,Falkoner allé 21 - 23,Frederiksberg,,2000,Denmark,55.68148308,12.53401101,0045-36978101,customerservice2@cosstores.com,http://www.cosstores.com,0900-1100,,,,,,,0,,0,,,"Ferrara, Province of Ferrara, Italy",https://www.facebook.com/Acme-476256289246386/,,,,,
42,,Acme,,Falkoner allé,We have it all! We sell it all,,Falkoner allé 21 - 23,Frederiksberg,,2000,Denmark,55.68148308,12.53401101,0045-36978101,customerservice2@cosstores.com,http://www.cosstores.com,0900-1100,,,,,,,0,,0,,,"Florianópolis, State of Santa Catarina, Brazil",https://www.facebook.com/Acme-476256289246386/,,,,,
42,,Acme,,Falkoner allé,We have it all! We sell it all,,Falkoner allé 21 - 23,Frederiksberg,,2000,Denmark,55.68148308,12.53401101,0045-36978101,customerservice2@cosstores.com,http://www.cosstores.com,0900-1100,,,,,,,0,,0,,,"Fort Myers, FL, USA",https://www.facebook.com/Acme-476256289246386/,,,,,
42,,Acme,,Falkoner allé,We have it all! We sell it all,,Falkoner allé 21 - 23,Frederiksberg,,2000,Denmark,55.68148308,12.53401101,0045-36978101,customerservice2@cosstores.com,http://www.cosstores.com,0900-1100,,,,,,,0,,0,,,"Sydney NSW, Australia",https://www.facebook.com/Acme-476256289246386/,,,,,
42,,Acme,,Falkoner allé,We have it all! We sell it all,,Falkoner allé 21 - 23,Frederiksberg,,2000,Denmark,55.68148308,12.53401101,0045-36978101,customerservice2@cosstores.com,http://www.cosstores.com,0900-1100,,,,,,,0,,0,,,"Jakarta, Indonesia",https://www.facebook.com/Acme-476256289246386/,,,,,
42,,Acme,,Falkoner allé,We have it all! We sell it all,,Falkoner allé 21 - 23,Frederiksberg,,2000,Denmark,55.68148308,12.53401101,0045-36978101,customerservice2@cosstores.com,http://www.cosstores.com,0900-1100,,,,,,,0,,0,,,"Eersel, Netherlands",https://www.facebook.com/Acme-476256289246386/,,,,,
42,,Acme,,Falkoner allé,We have it all! We sell it all,,Falkoner allé 21 - 23,Frederiksberg,,2000,Denmark,55.68148308,12.53401101,0045-36978101,customerservice2@cosstores.com,http://www.cosstores.com,0900-1100,,,,,,,0,,0,,,"Bengaluru, Karnataka 560068, India",https://www.facebook.com/Acme-476256289246386/,,,,,
42,,Acme,,Falkoner allé,We have it all! We sell it all,,Falkoner allé 21 - 23,Frederiksberg,,2000,Denmark,55.68148308,12.53401101,0045-36978101,customerservice2@cosstores.com,http://www.cosstores.com,0900-1100,,,,,,,0,,0,,,"Dnipro, Dnipropetrovsk Oblast, Ukraine, 49000",https://www.facebook.com/Acme-476256289246386/,,,,,
42,,Acme,,Falkoner allé,We have it all! We sell it all,,Falkoner allé 21 - 23,Frederiksberg,,2000,Denmark,55.68148308,12.53401101,0045-36978101,customerservice2@cosstores.com,http://www.cosstores.com,0900-1100,,,,,,,0,,0,,,"Stockholm, Sweden",https://www.facebook.com/Acme-476256289246386/,,,,,
42,,Acme,,Falkoner allé,We have it all! We sell it all,,Falkoner allé 21 - 23,Frederiksberg,,2000,Denmark,55.68148308,12.53401101,0045-36978101,customerservice2@cosstores.com,http://www.cosstores.com,0900-1100,,,,,,,0,,0,,,"Federación, Entre Ríos, Argentina",https://www.facebook.com/Acme-476256289246386/,,,,,
48,,Acme,,Spitalfields,We have it all! We sell it all,,28 Brushfield Street,London,,E1 6AG,United Kingdom,51.51894883,-0.077671409,0044-2034029180,customerservice2@cosstores.com,http://www.cosstores.com,0900-1100,,,,,,,0,,0,,,,https://www.facebook.com/Acme-766796966755646/,,,,,
74,,Acme,,xvxv xvxcv,We have it all! We sell it all,,Gran Via 45,Bilbao,Basque Country,48011,Spain,43.26337814,-2.93735683,0034-944983904,customerservice2@cosstores.com,http://www.cosstores.com,0900-1100,,,,,,,0,,0,,,,https://www.facebook.com/Acme-975118279251583/,,,,,
87,,Acme,,The Avenues,We have it all! We sell it all,,The Avenues,Kuwait City,,,Kuwait,29.30260486,47.93721199,00965-22283032,customerservice2@cosstores.com,http://www.cosstores.com,0900-1100,,,,,,,0,,0,,,,https://www.facebook.com/Acme-983037548416910/,,,,,
133,,Acme,,Goetheplatz,We have it all! We sell it all,,Goetheplatz 4,Frankfurt,Hessen,60311,Germany,50.11339927,8.676994443,0049-6913383680,customerservice2@cosstores.com,http://www.cosstores.com,0900-1100,,,,,,,0,,0,,,,https://www.facebook.com/Acme-1097986040223766/,,,,,
141,,Acme,,Richmond,We have it all! We sell it all,,81-83 George Street,Richmond upon Thames,,TW9 1HE,United Kingdom,51.45959322,-0.306412876,0044-2034282250,customerservice2@cosstores.com,http://www.cosstores.com,0900-1100,,,,,,,0,,0,,,,https://www.facebook.com/Acme-1720094424937931/,,,,,
151,,Acme,,Silesia City Centre,We have it all! We sell it all,,Ulica Chorzowska 107,Katowice,Śląskie,40-101,Poland,50.27155466,19.00209904,0048-326050591,customerservice2@cosstores.com,http://www.cosstores.com,0900-1100,,,,,,,0,,0,,,,https://www.facebook.com/Acme-1708040542780199/,,,,,
37,,Acme,,Riverside 66,We have it all! We sell it all,,Riverside 66,Tianjin,,300020,China,39.12763106,117.2010433,0086-2259955222,customerservice2@cosstores.com,http://www.cosstores.com,0900-1100,,,,,,,0,,0,,,,https://www.facebook.com/Acme-985254911566379/,,,,,
36,,Acme,,Global Harbor,We have it all! We sell it all,,3300 Zhongshan North Road,Shanghai,,200062,China,31.2325246,121.4099413,0086-2152971399,customerservice2@cosstores.com,http://www.cosstores.com,0800-1800,0800-1800,0800-1800,0800-1800,0800-1800,0800-1800,0800-1800,0,,0,,,,https://www.facebook.com/Acme-488874957980189/,,,,,
67,,Acme,,Galaxy Mall,We have it all! We sell it all,,9 Leyuan Road,Tianjin,,300061,China,39.089648,117.2069152,0086-2258637760,customerservice2@cosstores.com,http://www.cosstores.com,0900-1100,,,,,,,0,,0,,,"Tianjin, China",https://www.facebook.com/Acme-223726824657717/,,,,,
67,,Acme,,Galaxy Mall,We have it all! We sell it all,,9 Leyuan Road,Tianjin,,300061,China,39.089648,117.2069152,0086-2258637760,customerservice2@cosstores.com,http://www.cosstores.com,0900-1100,,,,,,,0,,0,,,"Chicago, IL, USA",https://www.facebook.com/Acme-223726824657717/,,,,,
67,,Acme,,Galaxy Mall,We have it all! We sell it all,,9 Leyuan Road,Tianjin,,300061,China,39.089648,117.2069152,0086-2258637760,customerservice2@cosstores.com,http://www.cosstores.com,0900-1100,,,,,,,0,,0,,,"Reading RG1, UK",https://www.facebook.com/Acme-223726824657717/,,,,,
67,,Acme,,Galaxy Mall,We have it all! We sell it all,,9 Leyuan Road,Tianjin,,300061,China,39.089648,117.2069152,0086-2258637760,customerservice2@cosstores.com,http://www.cosstores.com,0900-1100,,,,,,,0,,0,,,"Aerocity, Indira Gandhi International Airport, New Delhi, Delhi, India",https://www.facebook.com/Acme-223726824657717/,,,,,
67,,Acme,,Galaxy Mall,We have it all! We sell it all,,9 Leyuan Road,Tianjin,,300061,China,39.089648,117.2069152,0086-2258637760,customerservice2@cosstores.com,http://www.cosstores.com,0900-1100,,,,,,,0,,0,,,Germany,https://www.facebook.com/Acme-223726824657717/,,,,,
67,,Acme,,Galaxy Mall,We have it all! We sell it all,,9 Leyuan Road,Tianjin,,300061,China,39.089648,117.2069152,0086-2258637760,customerservice2@cosstores.com,http://www.cosstores.com,0900-1100,,,,,,,0,,0,,,"Ferrara, Province of Ferrara, Italy",https://www.facebook.com/Acme-223726824657717/,,,,,
107,,Acme,,vb vxcvx,We have it all! We sell it all,,27 rue Francis Davso,Marseille,,13001,France,43.29343751,5.377719104,0033-491996310,customerservice2@cosstores.com,http://www.cosstores.com,0900-1100,,,,,,,0,,0,,,,https://www.facebook.com/Acme-1538225169813950/,,,,,
129,,Acme,,L' Avenue,We have it all! We sell it all,,"99 Xianxia Road, Changning District",Shanghai,,200051,China,31.2059576,121.4055423,0086-2160671770,customerservice2@cosstores.com,http://www.cosstores.com,0900-1100,,,,,,,0,,0,,,,https://www.facebook.com/Acme-1708496279429751/,,,,,
137,,Acme,,Rue de Passy,We have it all! We sell it all,,60-62 rue de Passy,Paris,,75016,France,48.8579878,2.2778098,0033-153925260,customerservice2@cosstores.com,http://www.cosstores.com,0900-1100,,,,,,,0,,0,,,,https://www.facebook.com/Acme-1718092541798727/,,,,,
145,,Acme,,Cork Brown Thomas,We have it all! We sell it all,,18-21 Patrick street,Cork,,,Ireland,51.89902688,-8.470597118,00353-214805555,customerservice2@cosstores.com,http://www.cosstores.com,0900-1100,,,,,,,0,,0,,,,https://www.facebook.com/Acme-1375130759197960/,,,,,
6666666,,Test1233455,Acme,123456,We have it all! We sell it all,,Båtbyggaregatan,Malmö,,21642,Sweden,55.5888062,12.9198501,709684607,customerservice2@cosstores.com,,0900-1100,,,,,,,0,,1,,,,https://www.facebook.com/Acme-100439523788446/,,,,,
7672,,Acme,,Kaprifolgatan,We have it all! We sell it all,,Kattsundsgatan 16,Malmö,,211 26,Sweden,55.606356,13.0064413,+46709684111,customerservice2@cosstores.com,,0900-1100,,,,,,,0,,0,,,,https://www.facebook.com/Acme-175331519604137/,,,,,
12345678,,Acme,,slotstaden,We have it all! We sell it all,,Skvadronsgatan 18,Malmö,,21749,Sweden,55.5972751,12.9793014,734266557,customerservice2@cosstores.com,http://pinmeto.com,,,,,,,,0,,0,,,,https://www.facebook.com/Acme-145529612608009/,,,,,
sdfsdf,99990,Acme,,sdfsdfsdfsdfsdfsdfsdfsdfsdfs,We have it all! We sell it all,,kaprifolgatan 14,helsingborg,Skane,25375,Sweden,56.0102508,12.7964927,123456789022,customerservice2@cosstores.com,,,,,,,,,0,,0,,,,,,,,,
test2,99999999,Acme,,,We have it all!,,Kaprifolgatan 22,Helsingborg,,,Sweden,56.00895291,12.79678629,,customerservice2@cosstores.com,,0800-1700,0800-1700,0800-1700,0800-1700,0800-1700,0800-1700,0800-1700,0,,0,,,,https://www.facebook.com/Acme-1212095538840310/,,,,,
gfg,9999,Acme,,"Blidvädersvägen 4, Lund Sweden",We have it all! We sell it all,,Blidvädersvägen 4,Lund,,222 28,Sweden,55.6907492,13.1795744,709648452,customerservice2@cosstores.com,,0800-1700,0800-1700,0800-1700,0800-1700,0800-1700,0800-1700,0800-1700,0,,0,,,,https://www.facebook.com/Acme-209516552844425/,,,,,
test1,999991,Acme,,Nu har ve en descriptor,We have it all! We sell it all,,kaprifolgatan 14,Helsingborg,Skane,22229,Sweden,56.0102508,12.7964927,+46709684111,customerservice2@cosstores.com,,0900-1100,,,,,,,0,,0,,,,https://www.facebook.com/Acme-319889228410424/,,,,,
99999996666669999,,Acme,,sdfsdfdfdsdf,We have it all! We sell it all,,"ocean and mission street - carmel plaza, space 205a",Carmel,CA,93922,United States,36.55438,-121.920551,1-707-222-1111,customerservice2@cosstores.com,http://acme.com/,,,,,,,,1,,0,,,,,,,,,
999999966666699995,,Acme,,sdfsdfdfdsdf,We have it all! We sell it all,,"ocean and mission street - carmel plaza, space 205a",Carmel,CA,93922,United States,36.55438,-121.920551,1-707-222-1111,customerservice2@cosstores.com,http://acme.com/,,,,,,,,1,,0,,,,,,,,,
42777777777,,Acme,,The New store,We have it all! We sell it all,,Södergatan 12,malmö,,23456,Sweden,55.60400245,13.0013752,809241315,customerservice2@cosstores.com,http://www.site.com,,,,,,,,0,,0,,,,,,,,,
7894,,Acme,,45555,We have it all! We sell it all,,Kaprifolgatan 14,Helsingborg,Skane,25375,Sweden,56.0102508,12.7964927,709486546,customerservice2@cosstores.com,http://www.me.com,,,,,,,,1,,0,,,,https://www.facebook.com/Acme-1630280513652364/,,,,,
999999991,,Acme,,,We have it all! We sell it all,,Skvadronsgatan 18,Malmö,,21749,Sweden,55.60180837,12.96216616,7342667,customerservice2@cosstores.com,,,,,,,,,0,,1,,,,,,,,,
999,,Acme,,Descriptor,We have it all! We sell it all,,von lingens väg 23,Malmö,,213 70,Sweden,55.5869431,13.04866856,40266557,customerservice2@cosstores.com,,,,,,,,,0,,0,,,,https://www.facebook.com/Acme-233529787149337/,,,,,
123123123123,,Acme,,Descriptor,We have it all! We sell it all,,s,M,,12,Sweden,55.234333,12.32132,1726351,customerservice2@cosstores.com,,,,,,,,,0,,0,,,,,,,,,
3232,,Acme,,Fsdfdsf,We have it all! We sell it all,,Kaprifolgatan 26,Helsingborg,Skane,25375,Sweden,56.0102508,12.7964927,+46709684606,customerservice2@cosstores.com,,,,,,,,,0,,0,,,,https://www.facebook.com/Acme-416614048676220/,,,,,
11111111,,Acme,null,,We have it all! We sell it all,,Piazza Maggiore,Bologna,,,Italy,44.4936569,11.34304906,7342667,customerservice2@cosstores.com,,0000-1700,0000-1700,0000-1700,0000-1700,0000-1700,1000-1500,,0,,0,,,,,,,,,
232,,Acme,null,Shambles,We have it all! We sell it all,,Östra Förstadsgatan 44,Malmö,Skåne,212 12,Sweden,55.605613,13.0241815,739606133,customerservice2@cosstores.com,,,,,,,,,1,,0,,,,,,,,,
2367859,,Acme,null,Sdfsdfdfdsdf,We have it all! We sell it all,,"ocean and mission street - carmel plaza, space 205a",Carmel,Alabama,93922,United States,36.55438,-121.920551,+45 26 70 70 06,customerservice2@cosstores.com,http://acme.com/,0900-1100,,,,,,,0,,0,,,"Kjellerup, Denmark",,,,,,
12345,,Acme,null,Blommor,We have it all! We sell it all,,Blomvägen,Landskrona,-,26141,Denmark,55.3456789,12.3456789,,customerservice2@cosstores.com,http://www.frigate.su,,,,,,,,0,,0,,,,,,,,,
12345678901234567890,,12345678901234567890123456789012345,12345678901234567890123456789012345678901234567890 Custom Facebook Name,Location Descriptor,123456789012345678901234567901234567890123456789012345678901234567901234567890123456789012345678901234567901234567890123456789012345678901234567901234567890123456789012345678901234567901234567890123456789012345678901234567901234567890123456,123456789012345678901234567901234567890123456789012345678901234567901234567890123456789012345678901234567901234567890123456789012345678901234567901234567890123456789012345678901234567901234567890123456789012345678901234567901234567890123456123456789012345678901234567901234567890123456789012345678901234567901234567890123456789012345678901234567901234567890123456789012345678901234567901234567890123456789012345678901234567901234567890123456789012345678901234567901234567890123456123456789012345678901234567901234567890123456789012345678901234567901234567890123456789012345678901234567901234567890123456789012345678901234567901234567890123456789012345678901234567901234567890123456789012345678901234567901234567890123456123456789012345678901234567901,12345678901234567890123456789012345678901234567890123456789012345678901234567890adgdhthsthsthy678io9ikjhfbgvfcdx#€%&/()=?åäö,12345678901234567890123456789012345678901234567890123456789012345678901234567890adgdhthsthsthy678io9ikjhfbgvfcdxdhj=)(/&%€&/((/&%€%&/()6854268542,Jönköping County,12345678901234567890123456789012345678901234567890123456789012345678901234567890adgdhthsthsthy678io9ikjhfbgvfcdx#€%&/()=?åäö,Sweden,35.888371,41.060458,545sfhsf5s5f4nj6s5f4gn6s5f4j6s5f4j65sf4ghjsfgj,48645sfghsfj7sfhjs4fj@ghhjkjsdhs.fg.sfjsyysn,http://slkfgjhs54fg354354sfg54h1sfgh)(/&()/&%,,,,,,,,0,,0,3033-01-01,1234567890123456789012345678901,"Lund, Sweden",,,,,,